study_hours,attendance_rate,assignment_completion,internet_use,motivation,family_support,stress_level,part_time_hours,analytic_score
7.49080237694725,84.90808570098726,59.25664644193098,5.190817851362181,4,1,4,2.1078643621561044,5.942198634449048
19.01428612819832,76.80481831720601,77.0950473689179,4.79181877629731,3,4,1,15.288814561510087,10.0
14.639878836228101,65.47638081431639,93.64729179382041,0.2564206580643569,4,3,4,8.193421067519854,8.537767317650317
11.973169683940732,90.68975098534743,86.61124432047805,3.4124782762615635,2,5,3,13.10347429048676,7.98553733311318
3.1203728088487304,84.23655862769397,90.32805739307248,3.8019561878585706,2,2,4,5.204731959704587,4.8264127331198585
3.119890406724053,58.130846967244565,82.93916833553587,3.988227808969005,1,4,3,3.1898452508271657,4.648882376701589
1.1616722433639892,95.54635922469213,84.61382822589263,5.801723692273323,5,2,2,3.2092522854245287,8.1794129870892
17.323522915498703,91.12686214615846,92.45978257826596,5.336025467268785,4,4,1,1.409838912862893,10.0
12.022300234864176,97.4899956645962,62.483400442959294,6.079050927934446,1,3,4,3.7129340980248604,8.116759834680833
14.161451555920909,86.28597541941801,74.47124818215703,7.6488326154212825,5,3,3,13.284387699779366,9.611555772684902
0.41168988591604894,80.6707597967895,61.06047209098011,8.129857387160936,4,3,5,17.63381223687016,4.738056902203155
19.398197043239886,70.91215181453094,99.38340039983234,7.181230762264944,3,3,1,16.282513711823235,10.0
16.648852816008436,96.63642416770065,97.20296698433066,9.555236959549347,4,1,2,13.702686197489681,10.0
4.246782213565523,93.30319447502042,51.9713405684253,0.1823258267636163,2,1,3,2.2086372682220534,4.348881840993118
3.6364993441420124,52.26093350530947,85.27875862578442,1.957779856835461,2,5,2,5.783748925918997,6.160548292886689
3.6680901970686763,51.3183487248626,96.26241587078329,0.0756287497814212,3,2,2,6.1961375064493796,5.436512028239228
6.0848448591907545,68.82316834390248,59.02876725636668,6.47474714154603,1,4,4,4.9991389279524245,4.9440034696103545
10.495128632644757,90.52766653909165,78.39726152763147,8.98030548949987,5,4,4,10.300113194194463,9.307471531771757
8.638900372842315,99.36380646574722,95.77441487940209,2.4348229657629927,4,1,3,10.71107629759345,8.630983536983754
5.824582803960839,57.52084455517641,51.69729892928994,9.270345447963066,2,4,5,7.137719503422204,5.05478783829689
12.23705789444759,79.70653576760675,84.871013362342,0.6026739028956085,1,1,3,7.07578317472872,6.102995037483746
2.7898772130408367,69.04454283155107,64.86745036862754,9.344360268055143,3,5,5,16.571111958121627,4.569688383064667
5.842892970704363,98.49571989073016,96.21980976882652,3.516226872396344,2,2,2,15.785856966393712,6.955023010409974
7.327236865873834,92.10594615678544,98.55291225826838,1.0142082844921652,3,5,1,6.155916633614913,9.057593466611202
9.12139968434072,91.91643523555689,97.2133244556717,4.858717591863257,4,3,3,18.275768877465186,8.601703130122498
15.703519227860273,73.43465798974852,73.71071083287319,2.567765677205079,5,3,3,19.05630034005012,8.37598294418807
3.9934756431671947,70.74097511688326,93.10213254946567,2.8487290196192285,2,3,5,6.534850840600816,4.2546409487737415
10.284688768272233,63.670353596535314,92.22746992675351,3.0728996492628657,2,5,2,7.088498975861097,8.552136814258368
11.84829137724085,52.81877483254635,65.95502366216279,8.030258978326634,4,4,2,10.112683068439177,8.728799130330232
0.9290082543999545,93.23611881275266,91.44577370753387,5.391612766752544,1,2,5,18.82241625067347,3.8229919918936073
12.150897038028766,90.64505045650388,51.85038173577463,3.1130769915600363,5,3,2,17.52638866284623,8.347728157877514
3.4104824737458306,99.98588366430653,79.81349392410266,6.103337833109183,2,3,4,2.051359251671796,5.765739228410576
1.3010318597055903,99.83184185369527,61.50044186438515,7.161506742231936,5,3,1,7.854614865428324,8.36927131787278
18.977710745066666,77.77158528013138,56.02834428886394,2.7262400073353374,2,2,3,11.067423794995436,8.836583768814222
19.312640661491187,88.44937075902553,53.84766008146046,4.135491015253515,5,3,1,10.0626494510308,10.0
16.16794696232922,97.23828649412141,84.81443879390699,1.2188609333694755,3,2,3,3.8772613587378535,8.843761888757719
6.092275383467413,92.48236953387058,66.9937481884033,1.8114934953468032,2,3,4,17.176335423363092,5.205450988661342
1.9534422801276774,62.36740508715988,86.23833857643808,6.811178539649828,5,5,2,13.538815659936747,6.8886523384556195
13.684660530243137,72.52720676550467,53.26781703994712,1.8143834769562694,1,5,5,16.758167497036073,5.595779209645678
8.803049874792027,56.45797075757475,65.76451689153052,5.251633836670601,3,2,4,17.175285586989443,4.75050191035975
2.4407646968955765,97.70255136293612,76.97456461876686,7.090462617224327,3,5,1,14.967117073314796,7.407232491403824
9.903538202225404,80.308731722544,89.53615824194819,1.0687692309474384,1,2,5,8.784212024994346,4.866188617600226
0.6877704223043679,61.43214027517314,65.9376251466035,5.673122196289036,5,5,2,12.210935100308491,5.942724329872217
18.186408041575643,83.58503422029284,81.29456882185045,2.5656278370136376,4,5,4,3.207308122394863,10.0
5.175599632000338,80.90641202289478,94.29888741180935,9.629268752375799,1,2,5,13.472908349498153,4.968752357542098
13.25044568707964,67.90813590164203,80.79315940911523,4.835456467199247,5,4,4,3.585065114785615,9.612450418748184
6.2342215217882195,55.67787960998145,61.64797373768169,8.059925497751582,1,5,4,13.878991810203136,4.14937748509048
10.401360423556216,83.57865977963998,51.220039077826904,5.502265421562617,1,3,2,4.591963215079373,7.057669367151967
10.934205586865593,76.01538504518966,93.50494369504649,0.43412532854819164,2,4,3,2.3510260030043995,8.847791825760535
3.697089110510541,88.61591958678196,51.063470542519354,6.3315137559402235,5,2,5,3.3056898028591486,5.985749919389747
19.391692555291172,76.00817505559966,93.73508363420997,9.51403342206657,4,4,2,0.03984270438140536,10.0
15.502656467222291,92.609075015927,76.4468567013606,6.016118201463312,2,1,4,14.374792357070605,8.173749127990607
18.789978831283783,77.59534193872427,96.95338492564481,8.191888594267901,1,1,2,14.648020981167582,9.483809778864618
17.896547008552975,78.04689857676931,89.93916178868326,8.842064633484078,1,5,3,10.298666998265189,9.8669309021788
11.957999576221702,93.83268013291726,99.89670552666686,2.2807977194893247,1,5,5,3.227256021107674,8.152174370841937
18.437484700462335,70.17414331061985,67.53559077258551,2.1204483990822665,5,3,3,1.671086750213795,10.0
1.76985004103839,56.70076142253204,88.35941444655634,6.1098098885099175,5,4,1,0.3825793287457402,8.120248678437568
3.919657248382904,51.43913381566695,70.0965456804621,4.110284698067047,2,1,5,3.314963539304414,2.911590446259762
0.9045457782107613,87.75686278368096,73.99378101519544,8.398613028667203,4,5,3,17.817110699662933,5.734031474978607
6.506606615265287,81.01547756767323,81.37527316091851,9.000231233980111,2,4,4,4.830736834033635,6.166315954053815
7.773545793789641,85.20398840496118,93.68385570931693,3.534213793027181,3,5,5,7.085426544344314,7.237253270676754
5.426980635477918,60.64820807544554,99.20417345996475,2.3687055897448204,1,5,5,2.1069096896266637,5.588763312036612
16.57475018303859,56.818573779338486,88.41367069322591,7.805255152438618,1,1,2,4.447226094963406,7.622476744744219
7.135066533871786,50.7272332833941,70.8883391083667,2.748060355481361,1,1,4,10.384491415604103,4.140917108197236
5.618690193747615,67.52937794032985,71.06785011385351,8.226143185136785,2,5,1,12.155053661913051,6.915634937087951
10.85392166316497,79.49588434273166,86.87911507944457,4.237382536487628,2,2,3,4.907046283324221,7.167947581547597
2.818484499495253,69.61220225498661,61.938857288415115,6.675498992914704,1,5,2,1.1546431845023442,5.423528580418267
16.043939615080795,71.87374610118646,55.52370565656973,0.9553531383466818,2,5,3,7.820657382547973,7.339780665136319
1.4910128735954165,95.20793472468742,67.73110788203883,6.23859324676573,5,3,1,4.684067418526682,8.087926435747816
19.737738732010346,67.41277335116501,64.36194958270409,4.517676787372292,5,3,1,4.391078464596038,10.0
15.444895385933147,75.69947445799053,64.81540602279951,5.866084631754741,2,3,5,19.197256054269104,6.9239295993747305
3.974313630683448,89.18265063705715,61.680387552495496,1.6801420774486342,1,2,1,12.32600971851448,4.229063578804198
0.11044234247204798,69.8271391160635,52.104659481818096,7.368737449441821,2,2,3,11.137568863441917,4.134684656316588
16.309228569096682,81.10433501139367,50.89369673667069,8.627970775432285,2,5,4,8.315502070466438,8.062934106317806
14.137146876952343,93.11818543733726,99.38611948680158,2.1673980009077565,2,3,4,8.578886668602886,7.798832940260276
14.580143360819747,97.47603118288211,71.38865668679311,0.9571455552016173,3,2,5,10.818100076761617,7.532730374952558
15.425406933718914,57.3536740464519,69.21633235798409,0.23638586046336396,5,1,3,13.928596140722146,7.949919100263296
1.4808930346818072,96.32938125807472,83.9823641346535,6.4197150044326605,4,5,3,14.04292192363659,6.675245382783786
7.169314570885453,74.6058146539769,60.912694393253204,6.070940360887808,4,4,1,3.4338781541089913,8.345499070306076
2.3173811905025943,62.91221941494792,97.49805919751127,5.4669741271407,3,5,3,10.002255041532539,6.620838925042096
17.26206851751187,72.95678781191307,89.3172507207776,2.3194709611597544,2,4,2,8.239161900682038,9.936644221636794
12.465962536551158,99.00162876427385,54.47055011561297,3.9090599590551465,3,3,1,17.410539325387685,9.322057739921526
6.617960497052984,74.63090469964348,70.87903878924642,5.944763351861731,3,4,2,12.628378424367527,8.128764781152023
1.2711670057204727,66.43758051437541,93.95591537810824,4.967668588591694,1,3,5,10.650081328319636,3.9592449276972905
6.219646434313244,81.67004271583629,97.2366011145705,9.877855202148872,5,1,4,2.3078928435783475,7.913767533178659
6.503666440534941,62.00728093890965,73.37007556249348,1.3643975255673313,4,4,5,12.11275778646823,6.113995308345702
14.59212356676128,53.7931664054332,80.67056946053539,6.951445540475937,2,5,4,2.3440781136046684,8.586536038433977
12.751149427104263,56.44398609553246,58.35169730460376,4.043187681042921,4,3,5,6.744131511315041,7.268436567035783
17.74425485152653,56.40229194788862,99.55843130684883,4.281996149256147,4,5,3,2.8568392962866374,10.0
9.444298503238986,57.595134675614716,61.58358506917217,7.175977656581763,5,2,2,13.841472940487378,7.190097435018485
2.391884918766034,56.94135863247051,97.13658870675629,6.924361513243697,4,3,4,4.125042276723052,5.5210795963780015
14.2648957444599,82.04373724016074,82.48233244961843,9.912559937021882,4,4,1,7.83718746376052,10.0
15.215700972337949,59.09400421995724,80.38683974394296,1.2839428945412523,3,3,2,17.913495552375572,8.091656714320596
11.225543951389925,67.28336416619317,75.63442555082543,1.0410964938416634,5,5,1,4.086327667979406,9.497648228369124
15.41934359909122,94.8394204953006,61.53349058588793,7.243388171287411,1,1,2,10.156101279175582,8.35889305382383
9.875911927287815,73.69808201314362,58.82640160027542,5.783869170064091,2,3,2,8.38543322332044,8.155946682081753
10.454656587639882,83.37788692605136,61.02431045350877,2.7416066655980584,4,4,5,0.36248082091459466,6.919358229636634
8.550820367170992,58.61599356008149,59.32191310721272,0.794193689889866,2,2,4,15.855162271456255,4.660406654937501
0.5083825348819038,59.61445094043354,88.97922367833766,0.8565824959643054,1,1,4,1.3809181262919945,2.8787386683366605
2.157828539866089,52.043430813323944,67.5062629583365,8.941908746641182,2,2,2,9.485100419539073,4.896148949887462
0.628583713734685,58.44675315360823,52.89213382816982,1.918673247187429,1,3,3,11.213565898778999,2.5842228791549613
12.728208225275608,63.92951695159793,98.45513150704056,3.2337156211552074,3,5,3,12.568529132291742,8.490955357985001
6.287119621526534,58.85052421383734,94.18929424817128,2.26656402226988,4,5,1,13.772632586157512,7.92385651518334
10.171413823294056,54.43512668785278,96.38761415976064,3.5499630583193733,1,4,1,5.065447670454302,7.3545665201959025
18.15132947852186,56.03179355503004,99.74539113232177,0.6942384274609337,2,5,5,0.19957553316898746,8.012868406330497
4.985844582977499,73.03893840163629,58.69476246097437,5.190597909082704,4,1,2,14.468873247098239,5.790183160244082
8.207658460712594,60.31668592028963,69.81210094513294,0.676125635922149,3,5,1,10.713131986951572,6.681396361836035
15.111022770860973,68.21349305240378,87.91192378520456,8.003565078223616,4,4,1,16.722354064144977,10.0
4.575963309832449,75.17086354274284,84.8010309026896,2.3371208191043302,1,3,2,16.427767258013887,4.174688520264867
1.5395981965758598,84.51974143146826,57.69479531699275,5.400119146045106,3,3,5,16.866523355757664,4.685400634972441
5.795029058275361,51.965606992054944,90.79165624953089,8.800790875614583,2,5,1,9.701893199590803,7.533324527004765
3.2244257450800884,89.97051994545214,61.22202859183304,6.5087736904719415,3,2,5,6.672567916737313,5.363605887547522
18.59395304685146,81.39501947454539,61.19088074113115,5.329577865513353,3,3,4,15.8311640518274,7.773401110807897
16.16240759128834,54.08795159744359,76.84872114467068,3.243337531153756,5,5,5,9.0258822605851,8.90895478967915
12.66807513020847,93.67893120533887,79.64699674208515,3.330019130581979,3,4,3,3.66884392806869,9.79666808453868
17.429211803754356,96.04362002659066,79.00431039189056,6.694869551981901,3,5,3,17.099480391229488,10.0
16.07344153798229,53.05389799274319,54.574341869887746,9.941393612211675,4,3,5,17.651197535446947,7.174012571142587
3.7314011777207168,63.843882407360184,93.87304313151901,6.618391898493786,2,4,3,9.326195122803401,5.6028220154877175
17.851179969799556,90.31006398965306,63.2800021294353,5.577834173700249,4,5,4,1.5139945461957494,10.0
10.786844838313014,87.41298451918291,56.47574606414021,7.306505102392461,4,1,2,7.756521798338625,7.865754861602454
16.14880310328125,59.226050967818864,94.43740399344887,4.652056122837181,1,4,3,16.070753189252066,8.481306953589616
17.921825998469863,60.467466166835514,97.78257491148767,0.6014234260078521,4,1,3,18.035480570924573,8.476166531911646
6.3600694994372775,68.5236051395691,93.10638086327253,5.6229681587790985,5,2,5,4.069454849951917,6.6888925457181925
2.201038490553535,74.22614925955106,90.4758037362439,9.576252845053801,5,4,4,1.3394722405054305,6.926540084212114
4.558703250838834,80.9127385765148,82.7620990319511,1.7530294235765964,1,1,2,17.547009062656773,4.762475742508465
8.542155772525126,68.44568197848862,77.54286853045696,6.900048908206657,2,3,5,7.788098779577506,6.171199872292552
16.36029531844986,73.1267358066574,54.34933799557051,2.0093368865905648,2,3,5,10.835219285351265,6.533930935022744
17.214611665126867,87.37354690668784,70.42266065353493,5.3582768447308124,4,2,4,19.361316241015178,7.782909894818301
0.13904261062381407,51.834160144529896,68.6344258506157,0.9667644964671962,4,4,2,1.331294558284457,5.5979667905246036
10.214946051551316,62.62184721720104,62.98768918801631,4.503709362581851,4,4,4,12.966360149041911,7.000796946339774
8.34822006297558,85.66747929422762,86.17100568442925,7.561633288952461,2,4,2,1.4821084514973415,8.630592998542522
4.442156209414605,94.76034188435997,74.79378675393855,3.4757152423898208,3,2,4,7.509378569330007,6.899914906555522
2.397307346673656,75.58387210578331,54.0523107953824,6.64911724487218,5,4,5,16.076290903868934,5.495570473188802
6.752303428072559,76.60567426326578,61.009160097490565,7.954499607897292,3,3,5,8.669444655112688,5.711487706478633
18.858194078250385,55.358600566988805,84.16293818297979,9.271778194794527,3,1,1,19.94364707805901,8.814899781984188
6.464058640415105,72.37061834117273,53.80654297451501,2.3464208185545354,2,3,3,11.181185698932044,5.082635970990585
10.375812434867322,76.63086332275115,92.56034570243844,3.993159158093081,3,3,4,6.423243052719069,7.70252836042931
14.060379177903556,62.12352518173648,74.75732635069872,1.5241601333041743,1,1,1,4.402226518095063,7.232905474667001
7.27259204758588,63.46216154746905,74.0293288663324,9.924835021583752,4,3,3,7.010410685723237,8.406295073552956
19.435641654419214,68.86420815523113,79.62038923297588,9.270009679242953,1,2,4,7.450665475191016,8.821254919818971
19.248945898842223,51.003559888886315,91.23404829625746,5.399571302805596,5,1,2,1.3742735544792195,10.0
5.035645916507283,66.10395827915892,67.39046039510966,8.420332943764212,4,3,3,7.391483988535463,6.409018240936693
9.94497011784771,60.572400349827234,83.90080762795318,5.209579772720422,3,5,5,9.284770394784498,7.171486531940285
6.017566196335393,66.37486760889573,78.28659819978955,6.2358568800275975,5,3,1,14.454755044776093,7.508713397919136
5.696809887549352,55.98810659096256,63.35141350847107,0.8912443211601662,4,2,3,13.13458969443216,5.293184426948997
0.7377389470906559,94.52636403699475,93.9314993177579,7.552704204968079,3,4,3,14.175313104583084,6.689067372957738
12.191286679597937,79.67962267770244,89.8713010803464,1.2771348363523483,1,3,5,0.16727363753714197,6.646760062210139
10.05358046457723,83.95511595722448,82.92259173292128,8.260676302525283,4,4,4,4.353347991610721,8.583757438158887
1.029575024999787,89.45856193036691,92.52908645471209,7.820280876703859,3,5,2,13.23368576799713,6.019427718858272
5.572929284732229,74.92210994645286,93.36471004799012,7.087446977429765,1,3,5,9.679787363594944,5.70486351330987
18.165317719333075,54.34601440437118,85.41814883575174,0.36160380524762115,5,1,2,0.10626951336691892,10.0
4.791237813339448,76.85532709092739,91.85066641818361,3.031283559453286,5,4,4,16.089892848636445,7.152924948732252
2.897897441824462,79.34205590104395,84.87357308346418,2.631125699108429,5,5,3,15.456191465806748,6.3118343278885725
9.78905520555126,87.2719737092165,84.00703858801502,3.6013640747151907,5,1,2,10.968383259871253,9.247200378772595
19.713009082212015,71.58297731148397,80.93056891075922,0.8764274676383854,2,1,1,1.3292665155254424,9.382923955791235
4.841105430230009,56.37901513977819,87.63583197788206,9.369578230310628,4,1,1,15.330300990651693,6.580408573457224
13.442710948117572,64.18879528993622,57.93025526465368,5.538022407123763,4,1,5,11.674271754627279,6.180391926292155
15.23239230657435,68.15411481993175,94.04353795994642,3.0552431065802352,2,3,4,15.639199543159183,6.663683748270608
4.752750879847993,82.29586206658007,93.5921763872616,3.969815170742834,3,3,5,15.034939847916808,6.152814790244858
14.564326972237192,78.53891523344559,51.462364151727954,4.472025405048356,3,3,5,16.06004143915674,7.713995636343034
7.355662654385064,67.80483629489231,91.29083752823814,6.005943333606173,5,5,5,10.360161328092497,7.698699694287126
12.646116611871589,99.32576243964898,56.44349337367226,5.156794276964978,1,5,1,2.8064903638703,8.90583451823062
12.670594215217895,80.28874096784436,66.7559427129571,9.193919732144174,3,5,1,13.423149467593774,9.571142052366547
10.71549368149517,61.86133958679972,87.1754128145804,4.969634829058302,1,2,5,12.409475701039412,5.079904067105476
1.805795401088166,55.089123631020186,58.03799480241541,9.921580148233126,4,5,1,14.845063743981743,6.014857421785381
16.70604991178476,57.642956959216605,90.8983512059531,8.514249577450958,1,3,4,3.397620121014706,8.059184554814191
6.415601299434717,62.29788641922541,91.6067088978871,2.085105143573358,4,3,5,3.8995039980057844,6.295057406317393
3.7303702079970846,58.03406866297779,75.37338668804182,9.305952146439163,2,2,1,17.80819034438657,5.930346666898404
0.8155028310952783,59.32835120256529,50.31929358584168,1.163663978854761,2,2,2,14.999555969041417,3.163622797007872
11.817858863764837,64.25475843469235,64.35190665874563,8.174497084911916,5,5,5,18.16456977400646,7.290190967498044
13.55128723684565,58.66867976473774,80.84634591878711,3.806232934765801,3,4,5,15.174306423278415,7.263491024441284
0.33175657855712304,94.83827123132126,99.05930890137117,8.779743204450694,5,2,4,11.943106119806037,6.562127193226232
10.24186116598562,54.01168728308211,81.59067635083342,8.680566901074503,4,1,3,13.082654740557473,7.811758237077048
4.529915503958759,76.22556947851274,62.99017905320799,8.059254001176212,5,3,3,17.782558478800198,7.510575918608846
12.903455808188998,70.51984134948307,81.70028515498056,7.900304363070614,1,1,4,11.576135090238811,7.118915733560125
3.487328580099829,99.11893084543033,76.99926898579278,3.046791390980408,4,3,4,12.647826486567748,6.0768792971867365
13.81875476204932,55.60194510840262,88.99226975755718,0.8091928305125218,2,3,4,3.1295343200720116,8.121962542631984
7.734706926010748,69.89277995228709,55.34903194134792,4.029801787651614,3,2,3,9.478424402322055,6.141970979995169
18.73459977473469,98.47352166376845,88.05139512510141,1.7352451498650867,4,2,4,14.32794223916198,10.0
2.750418882919865,93.27535629469901,77.06332893380551,6.9495108890246176,4,1,1,5.418853966327308,7.099830571917263
6.82132702100517,90.85360354746399,98.14960019294973,3.4609972653778556,1,3,5,4.045083610490698,5.788479042742644
2.2694704248117814,62.895141352246995,67.0936083019343,9.756102008599148,3,1,5,6.276536164488311,4.3948910817805835
18.493872365571256,58.54437936950329,81.6310946566974,6.40972077345332,2,4,2,4.830012559856669,9.887831619771328
17.54678706761962,83.43216099622154,96.60140527550087,8.224805636343609,4,1,2,4.298252740727917,10.0
5.158832554303112,96.46879945637929,55.12548639953396,1.3252467274184843,4,5,5,8.49701685736174,6.377891020857371
13.19968092068358,77.83814465069649,96.86142436182256,8.620144822726225,1,1,1,18.15677027767068,8.508776520472509
16.344444004024318,78.580634473495,84.39428611504067,9.227571905133944,5,5,3,10.141192934774367,10.0
11.104016231989247,63.998954683014205,53.39185295525859,4.870619188189359,2,5,3,3.7584076163064606,7.256255186292948
10.59301156712013,88.47464665959684,65.04817834734081,6.062529377509774,3,5,1,1.5394333876174815,10.0
4.837045818009034,59.35218742787617,85.40860443226407,7.648098009029955,4,4,3,13.923122902758504,6.53002029833237
1.8620553561179842,66.18396182021218,53.36753007343859,1.7483862726041255,4,1,4,7.655975288727756,5.185526057931518
17.944315159066534,71.27182193082083,79.10852300881366,5.0256607646344245,2,1,5,16.436618931707187,5.854972877208391
18.008361143266608,75.38051893422275,67.29415284764784,3.986630277723131,5,4,5,13.190215372815404,9.885012772175353
12.66202914546536,62.12048662075401,81.04577588837385,1.4637399216224911,4,3,1,15.92482901082737,7.617871989738794
6.780595820974014,55.74184123696018,52.28710169062564,3.6753442229153146,2,2,3,5.438920788368975,4.795906257428869
6.984191492253218,80.53100212208163,93.57684030761882,0.6817230938549357,1,1,2,13.847178449221163,5.366524085066943
14.519113577404788,64.43152766201278,98.67444845886985,0.25811906949486985,5,2,2,5.281239693874376,10.0
17.942205199051543,79.06191107113061,98.44389276428458,1.3516628915482276,3,4,3,18.78136958900583,9.17630819084858
17.741728485302346,57.718135763710116,87.48259158714623,9.631151115891738,4,3,2,12.727485630667488,10.0
15.597510917152476,74.05700509274087,56.5043120065316,5.49529535895017,2,3,1,6.490236003506842,8.386783537808254
12.840632923085755,76.62947162757929,87.91315979645113,9.6582216115322,1,3,1,5.390237245845453,9.63695073626622
1.6827992999009767,52.591176841121346,51.229345822940076,4.32497878330132,3,4,3,3.81853170143287,4.527420618974437
3.2325742818922754,66.83021390969603,51.106177576449866,3.1181613308525957,2,5,2,13.892819177874555,5.189065973105038
17.971083770541586,56.72073384694871,66.18051095747705,5.061418628402441,2,5,1,4.374312259958546,9.737240095480514
12.128581193191799,53.168748523638385,74.43215952023328,4.3951168863291015,3,2,1,11.906065318549782,8.301241104174988
0.18394103233259296,99.49801161949726,88.52037089038966,1.0566468426174391,1,5,4,5.292700538507146,5.586232603429119
2.029430857320642,66.11769224873615,84.16476883032526,6.408263146902062,1,5,4,13.239378895877373,4.77479208858735
13.270035382161115,90.49372229273175,72.29513531883742,2.160381825095996,5,3,1,16.298794570810784,9.303387482374653
0.10123167692437374,62.732032738188195,63.68133331408329,6.195879548978295,4,3,3,15.560504862893064,4.36494734539646
3.216161028349973,84.07513611119646,99.85622500788556,6.502010923981533,3,2,5,15.217026618615634,4.798480339295407
10.974675787331723,88.01139299448432,71.30906511179865,1.520248531286481,3,1,5,3.7544481138450414,5.450423042943749
13.837903953853864,79.78193703039221,72.56935121648377,0.6134962711066816,3,2,1,1.7676989396903742,9.60794485475608
13.039225190052012,73.57880942750792,58.181191059583455,7.807615860684399,1,2,1,13.978976569747712,7.248695395939615
4.485386189211196,70.59204570736343,89.74047743749647,4.5980042376932015,4,4,1,7.366944275887026,7.756123695102451
14.243584426950717,67.44341332714977,84.68411128907442,0.5816379550547579,5,4,3,8.646924528066947,10.0
4.744981749936001,96.4764572123913,61.03848063943802,9.948663171697671,2,2,4,0.6229818558678213,6.027031689827691
6.5079939631853545,91.53097038938645,54.11905228079213,0.5778056099636664,2,2,1,5.191528985500984,6.0332772919721265
14.929828102360483,98.25134553332563,84.02496510373565,6.950352288585532,3,2,1,0.6735280774892805,10.0
12.992657980944294,56.21486117427724,82.72556071405677,9.836789252634135,4,5,2,17.583715452024954,8.827280171469242
16.98446820988356,86.54337376018222,63.662976349910466,2.391801042159256,1,4,3,4.867933664370609,8.783639097915938
13.152257846006867,96.91702284105189,97.54317811252051,1.4224936868719618,4,2,1,11.146743391460161,9.744519868965785
11.366172066709431,59.061653308283006,57.55289458904501,1.213849394224289,4,3,2,0.7795864132226082,7.693220421171141
1.8734953565618495,53.32481336833887,71.6167400521301,3.0327514756759557,1,3,5,13.33694782611316,2.2399292114850167
7.354316061188671,87.05603246450295,97.18079600837994,1.010458110106467,3,5,1,6.460546915081878,8.718783627735402
5.304047353634509,78.7236556589956,70.98636584630611,6.9216134169413195,4,5,1,17.958383739153316,8.04343154260101
4.8797928675816715,92.0914388379136,81.92629738320429,0.6229179813006269,2,1,2,17.762363778680715,5.035403394689177
19.460211095048912,56.988618831314476,69.87971989813971,5.094221281497897,1,1,3,6.505812367234956,7.577054278404927
7.861954493335208,89.76336559299452,63.7107601174335,9.966968538529768,5,1,1,18.019217913809356,8.387579338225143
17.840931103542268,60.08136600238723,99.19888239799141,8.139702695060189,3,5,5,19.923153469975578,8.973254932154482
12.622772519945258,58.18279714328523,70.46670031575215,6.152194382310109,1,5,1,16.508313282478962,7.715852808144484
15.896226070832968,58.21328989654965,94.70496018395673,3.062536207866117,5,5,5,16.897426955104578,8.737601289691241
10.052741862103842,90.72873601156911,61.49773029455431,6.238958362916385,5,3,4,4.980174722181799,9.142185706509915
11.538077692527182,83.25986103481,60.655235201254165,5.270414639116517,4,5,4,11.534047977155126,8.494173111959833
9.850353876377278,76.15327123845597,51.55670414422557,4.260833838903714,4,3,5,1.345118279347357,6.785224782643076
3.90485975596089,67.94152420617513,82.58334126879424,1.3071037674019947,4,1,3,1.8983587364333943,5.9741120391591584
14.449042305230106,93.86002704065541,68.42631718618806,8.866042152404667,1,1,1,19.97785224066581,8.047115035048769
5.615447248817116,69.62225537113177,93.21791249198185,4.497846488213225,1,1,1,6.532784988518219,5.013119945331446
0.4863193286290768,90.82997197357886,73.66049533457786,1.9462251182076507,3,2,4,14.963678240976927,4.436603842938924
12.909445918143357,71.95674542851091,98.40967139573608,3.677593508772896,4,2,5,16.13330106053633,7.005598466964267
3.542213588140979,68.84722147124538,59.27627578515606,4.1412975252892705,5,4,1,17.160465420144583,7.459815930013078
18.809171687058285,73.13398928348032,93.43115839778054,8.275378955668742,2,4,1,19.95256594804313,10.0
19.078571540051747,65.0688937082071,88.82984263958708,7.336143805614021,3,4,3,4.829929705137356,10.0
18.29728780440897,87.38046900881255,88.5460922322026,7.693048936413398,1,2,2,0.8070165371939941,9.680502656193507
7.4031740051088875,75.13601950462396,92.23916140584438,0.11031264428647214,3,2,4,8.22383035989172,6.084461694537209
0.30913233057734857,61.61063475734086,88.05119954714993,4.161539981797615,3,4,4,2.601613396578939,5.6778211949118145
18.566371251754507,94.97872866372842,81.31101608157077,4.813441516353237,3,4,2,0.4485177832411025,10.0
8.563682966346287,69.19456106866056,56.56224388411938,0.19192276823056686,3,5,1,7.208536542829722,7.311359351642444
19.333096380873393,77.17764305569943,51.6263089745626,2.598132087450342,2,4,3,15.67476502150473,8.984724830941275
19.272399541785056,95.32360554822735,96.04239239078434,7.60289823122135,4,5,3,11.323613824501418,10.0
17.060189109347203,81.21189979569961,80.8325157260369,1.3710970572899905,5,3,4,6.255559784207081,9.668011735539764
5.888977841391714,55.8449020354182,89.82686454880881,5.353101314525917,3,2,3,13.086840109854394,4.732366428137642
7.701954572038505,96.99160618067376,74.0761175756275,2.152018720172375,3,4,2,4.640363606176214,7.894931382901635
17.022733430337137,81.38540265357089,55.86540944811972,0.12120774643893273,3,2,1,0.2876289214417005,9.850972715568826
6.338440103125553,66.7452807328543,56.259289610127524,2.412014575995415,4,2,2,15.287067728728548,5.601485216420819
3.3898549337218498,56.96360363316936,84.27826436144858,9.758737549100537,1,2,5,12.474861697280183,3.688598881192461
11.136025249167004,89.7012594635148,71.51529474497313,8.015371118829895,1,3,4,15.2460524900192,6.415842009495514
18.72309548321562,81.00363779642568,60.02623633501683,9.595766443210334,2,1,3,0.7787603337533122,8.365962777767354
13.92059593349946,76.67305459881608,74.57972733707184,4.878540439263625,1,4,5,16.742392556613044,6.284928995656529
11.401223401787298,94.69462915254789,53.21044685375671,1.097361986775035,3,1,3,12.390524000726067,7.182129671084453
1.9435298754153707,89.42986056122655,79.09857009571994,5.47959488973693,3,1,1,11.267907014252803,4.950187585833184
12.300144533983396,57.58374398663756,63.449670221754886,4.543773345599609,3,1,1,12.492280962290632,7.427388819213291
19.801077002085265,65.5861033897774,89.87795503185941,8.44357082739616,2,2,1,17.288664937367283,9.302300673023371
2.8016803047304806,62.424456990723286,65.51809794617868,0.9808258078424459,3,5,3,11.73873013117814,5.498882853790325
10.366593047274735,87.19731462863385,72.76100745409006,4.882411370217782,1,2,5,11.619007597763586,6.027238074829926
17.547461438559107,51.67662173678897,50.58102699540503,1.5004866469398426,4,2,1,19.813583141315316,8.222180091824127
14.815372355084088,78.49448424356582,53.62234438972794,3.2467592689005995,4,1,5,15.13460334137136,6.914236184303436
13.94031481990536,88.12293428703452,69.62467782033424,7.373570773877996,5,2,3,8.845876109022706,9.313142213362577
14.049681679742186,93.83828183808748,73.99694173585618,4.7601812936876655,1,1,5,14.147940000658554,5.703337139078652
7.189823024395103,67.10408743579538,80.00102740596519,3.7588828514576935,3,5,3,7.78460943383577,8.046303193912788
5.871836885289867,91.06286523360063,64.58312893546517,3.944762785700353,4,4,3,4.57750924966998,7.2245728595407614
16.187223109570272,55.53158684776036,84.74909430632712,4.594467684059866,1,1,4,11.937037537755188,7.254228226068384
16.202267893583617,92.3226145867259,93.00611985946023,7.850165438370569,4,5,3,18.56364196227903,10.0
17.341446371602075,56.37443311659912,88.99254944466749,8.920846889402345,3,4,3,18.582790400309253,9.531985939385477
18.264811051129428,69.86436452801837,51.980941267417855,9.553346865039282,4,3,2,6.838105562109806,9.846278352542885
10.226847977218757,89.86476828897767,74.02534736289145,7.869033862552951,5,1,1,10.553549324433899,9.654085418716457
10.030325893743992,57.49587136743869,55.246508920908745,3.1540689574801273,5,1,4,4.232717971397224,6.478365111478924
15.965903579335503,61.462569761632075,62.10225079312637,6.881347060865421,4,3,4,19.912622189977668,7.913643519795189
12.999278615555303,86.1126284196533,99.33312966335733,4.376031240553919,1,3,4,19.622358157358715,7.381357900825252
14.039337545154067,86.00182682730372,57.12477714507566,2.5467062204605115,1,1,2,12.990178594148947,6.602975743808197
15.91585338872202,82.05738164426486,74.9444076725678,8.408715794259226,1,3,3,16.088281193549467,7.461956221985707
17.800106836351326,84.697422223355,80.90778671590596,0.38426348962324997,4,2,1,14.302003225674,10.0
6.759903137030716,77.13622216737981,85.12324852720519,9.017619921354235,1,4,5,11.863164380789364,5.142180897927968
7.51165905279888,62.58995294534763,77.98243417434571,4.614774646247342,3,4,3,1.066959939777954,7.481650144881852
1.87963879681738,67.28479967519597,50.48854237095918,6.3720147680828045,5,4,2,9.09528685105322,7.067159943801528
11.56560281992348,59.079885840071285,66.3230654121996,6.593539222057827,3,2,3,13.49572604334821,6.687079265289264
0.7188454759348417,95.42252806668142,75.88558216923558,8.951177407065364,1,3,3,13.550632277673692,5.568861403237609
9.311960362649202,79.16958973830603,54.39332495724167,6.366696821672074,3,5,2,7.462452368447671,8.49538319963178
10.852892694151532,70.042570838182,67.53134656045904,6.139335847600618,1,3,4,18.833839733160612,5.289438117922168
5.730825042565688,73.10029018220663,51.66015543956833,0.6665204056068996,4,1,4,3.34714064473562,5.9589275843559335
11.816665211380215,97.36416698059077,53.928924857751035,5.18408021945204,3,4,1,10.007188924311212,8.700882474277746
0.6100049987809886,57.66757015580401,69.8461638100798,1.5016900081704165,4,3,1,13.817679531016456,5.0503864398854
0.7469637749842883,79.31149160083986,56.63578770215302,7.374337687214856,4,5,4,13.942716117836184,5.53594200683434
16.452011213193167,75.2944339442233,78.3770424130779,5.122219208126745,2,1,5,12.97277913537631,7.405571484439537
7.203812828225258,80.57271177173239,84.47324845686329,6.802277792083533,1,2,3,5.505764269037203,6.770255743792611
2.5412102530376957,50.90550919104203,90.02933495545415,0.41672900602384266,5,2,5,3.1241313737324394,5.474916648466886
10.444865201096087,93.60619544720757,60.007512212240506,0.8479201604580322,1,5,3,12.718806536534217,6.980278256941304
15.399871061972217,96.60591412418063,58.37412911295349,7.163233880626823,5,1,4,11.986042322788755,9.092514491169005
4.316420549936863,78.25665917946044,55.228392016720015,0.7208433599867337,1,4,1,3.5871202057848195,4.811108958098047
12.457809516380005,84.8325411938446,81.82151247718184,0.712567277652586,4,3,1,14.102782911411268,8.504903519421065
1.70694929987536,96.12496905886479,85.32378632434506,0.1210847523488745,3,1,5,9.103439834673129,5.257226351368634
1.033634423372154,85.36193171566993,51.5793072412821,9.5650139829948,3,2,1,13.355211832063059,4.921557515083835
10.62709263136296,57.62695214571307,96.81061231218449,7.37508359459007,2,5,4,16.747341595403014,6.729689926523623
10.81270243220213,78.81441800834065,52.59856418257362,3.5325140850206416,5,5,5,3.3945685715384633,8.875405552902413
12.748598029964132,80.3357523191428,77.06481676505352,2.9653558128765525,5,3,3,0.3828973599367336,9.720765775255888
14.52182667445323,71.2065335651193,85.45302597254582,3.4970322974584955,5,5,1,15.582051727915736,10.0
19.51704158925069,86.82221178123615,93.54845618730428,7.746535311811819,4,5,2,12.193948503052319,10.0
10.326006966023906,96.71835073845074,85.70434660662139,6.613706110704144,5,1,1,13.992791392442435,10.0
6.459129458824919,96.27842564533881,90.08640415348958,1.8519556786746794,3,4,3,16.76309949977285,7.299617453297453
15.903723895374073,72.5419685702066,66.97250962714031,1.7410933533408435,4,3,5,16.05621869649001,8.094662488577864
5.416645025241484,55.661902292037766,90.7412556873256,0.9839564971339732,1,1,3,19.218402938576492,3.2141956755734182
8.779428414112722,99.24205994811672,54.00574231923376,6.603027197013382,5,4,2,10.718701577042363,9.569767876994645
1.5691276268453191,91.94490432229671,94.74083280302638,7.643726622217359,5,1,4,9.769912653198107,6.323259673007975
0.5070148683091502,56.233134060163344,77.37961880768681,2.6504642832500402,1,1,1,8.037743997814601,3.3979464094798413
19.252968293558503,96.04209413086862,90.86488849812469,0.20944961030912812,5,5,5,3.073820856884091,10.0
16.719602410244118,93.49481810310641,72.615914225915,0.8217166747642735,1,4,4,11.45214465764045,8.497439552796607
13.91948412187396,75.94190285630361,82.17888475982625,9.678600348450304,4,3,3,5.540250486519575,10.0
8.179058888285397,79.56377178724647,76.32013304680567,2.9544477747742026,3,3,5,18.42615024425951,6.543849394632401
3.4658864014169155,69.95013519350651,86.5794760877666,7.692231478381336,1,4,4,11.663816085541951,5.441255102155181
3.128740853421721,52.73808194110157,54.08149910152948,6.2466356885426375,2,5,5,11.856803610162203,3.117558236846864
5.004857963291906,66.75986208229504,53.01760419952819,3.8193963965289592,1,2,2,7.0984932175402005,5.555217907533126
10.984533294122409,90.14267242990057,62.355161700507324,2.0568726219555513,5,1,2,1.0397870395541498,9.310198475988793
14.291918454001246,50.23160115023014,57.97723400565942,1.2138641815940643,4,5,1,0.6348753074597724,9.04618493586367
13.203947534354626,66.6749585845572,93.58917832961009,6.150129680388666,4,4,1,8.46670288306395,10.0
5.598677938918857,69.90843467954717,60.960699367902215,7.74633780637788,1,1,2,1.691307561944757,4.887572044533359
19.09730561326388,76.86978014689615,98.79326279095656,6.439042535411307,3,3,5,12.136939110802782,9.80265742159785
14.75793833391537,95.99278082063802,66.84478958855534,5.303021332491583,2,2,2,17.61946011279315,7.69735790694154
11.087081050228013,67.31729971829806,59.10589578443496,0.41951223431636264,4,3,1,17.658296330374444,7.228334372314238
12.234414924687044,67.34766009481139,89.48492535712396,9.684887775943839,5,4,2,13.180908202644648,10.0
8.392001248555799,86.87506240548743,82.9353887750438,7.987141916545745,5,1,2,4.224636629458621,9.486885691482536
4.954619790023149,72.61089704449036,74.90978582265694,2.928220367009647,3,4,5,17.259936627177442,5.207721210352635
7.119453573025232,61.2302411469991,77.76817754688156,9.799703293588507,4,1,4,17.721868706264164,5.822926754305571
15.156922209287382,72.62197580663467,85.96008891361319,6.018815896363221,1,5,1,3.933071699059174,8.634886461968017
0.28786977259511737,57.04285101898999,61.422737066564935,5.824226582072464,5,2,5,14.748521715413546,3.8521937376606665
2.3214528101383247,58.819349325311165,99.8166958028371,7.4807317942953215,3,5,2,5.730390978542459,7.2695737672653316
0.920052840435055,74.91838863697399,98.73965810733915,8.117697880901375,4,5,2,16.052806247058594,7.003104954134151
0.8145760463794027,70.9462724752274,82.51628431734684,6.564786073315027,4,4,4,19.944757998072053,5.230309609079301
17.109211680220145,95.742295053405,59.97712254645725,1.2809574636620003,4,2,1,0.6005201065878563,10.0
14.073157187600474,68.11969495583165,84.01141212156458,3.382675059944984,4,1,1,17.947317315818637,8.42215691929921
9.483476581746505,79.02941751390217,53.60992044895879,9.280836403260498,4,1,3,12.452610671973162,7.2573418815401665
1.9566832130200296,81.61321439597651,51.532625110290304,2.2461561184385195,5,3,1,19.467652383296425,6.0831054389429084
9.832317502336647,50.654722829416684,62.884144425560685,3.7216702383751334,3,1,4,9.300190350528553,6.064206232104933
9.469435415611313,83.17686860083553,73.13114783696582,4.32076882944196,4,4,3,16.947758611427474,6.806767396848165
3.4640373982003037,58.90179834348757,93.41362527041903,4.394049896944522,2,5,3,1.2478813719655446,5.905425433373719
8.67703298475946,98.05351587347275,86.3584534883154,6.129395824945255,2,5,2,6.705581001565914,8.380565212817974
7.970094687947469,57.43313638765565,87.13532605999904,9.430758377447075,3,5,2,1.3403307550241994,8.64383888482722
12.31700196104433,70.73120618635119,71.27466672240377,2.40692711832505,1,2,1,19.50686266958141,6.630601981594691
12.701873017352876,54.26748340393219,67.29674962734815,1.2150137630091806,1,1,3,16.339478145436736,5.865051768806942
0.9060801954408904,99.84371259229736,68.55193814923014,1.9747048985993731,1,4,2,17.05094842491941,5.813364282376611
7.492252292529424,75.10975051656213,99.3824781868029,8.869249002092696,2,2,4,18.759304628677885,5.676423093355413
12.517198314284727,79.76925086600218,52.005459570624126,6.458108126552061,1,3,2,1.702069722395707,7.723443655015964
10.062725171601754,53.353823869421376,93.35157480612243,2.859067892391601,5,4,2,7.711951850266667,8.881788910293531
17.129796823766444,87.49802351995889,78.93377042861967,8.159469389686173,4,4,3,1.4206977808800425,10.0
13.1738726323789,60.49527965477929,71.93077095947953,8.61369996363436,2,4,3,4.215862031000572,8.511709879759913
3.258688541628594,94.90271447203568,86.26288302075682,8.465143386902781,3,5,5,4.587315540753448,6.88440610725349
1.4113749480085969,60.25698202410036,74.33344707123514,9.189265336395545,3,4,4,9.382144220951574,4.663224036441349
12.848385564126312,59.534386033183324,93.67116190408302,2.522410201733616,4,1,3,5.371243349072852,7.815445910695186
0.5302262108324363,51.827483392404744,95.03509320056293,7.550419287462783,2,4,1,2.019562136355222,5.543309454049702
11.715511625469265,73.60334725549995,71.08604634367276,4.6053949727414,1,5,4,3.349821781882154,7.770071073795429
18.80460482849915,78.24205666313082,63.841389861752575,8.419985528900614,1,4,4,2.9455112710418185,10.0
11.50948355751758,53.285431971417616,79.61751642966811,7.284906771616132,5,3,3,19.461535958245967,8.146107743311871
7.763398524130438,88.77638083475053,95.61816728083454,7.764474464997246,5,3,4,15.185850138369473,8.389297725299706
12.865764368847064,72.66444173740138,60.53310945028333,6.561618376810715,1,5,3,19.35522930539124,7.171654289188075
9.165057809830333,76.219513466379,81.14832917817414,1.7742876946970687,3,1,2,8.794809730158171,7.529621737443392
10.9123357863187,72.03813734691141,81.57801100462603,5.450269188969383,3,1,5,5.567369633253132,7.167796226112413
18.8292961755305,70.0381530437663,86.65565112076405,9.846697395245082,5,2,2,15.965863944183734,10.0
7.722052756015485,77.9820165654109,56.57838425636299,9.373880664971189,4,5,3,6.525078360822936,8.438970483238975
19.223811276478283,57.76201229653562,85.79124823410443,0.4317373579701167,1,4,3,5.987667474106965,8.824751718377929
18.107012839121275,59.09640652476355,95.45162603328205,1.6481481572943713,5,5,2,4.650119844156624,10.0
3.915822695785929,93.08928105067587,58.984155443512094,1.317287734545619,5,2,1,2.593579564484707,8.259671128277555
1.387226017503309,97.30577310668164,61.87716624619388,7.259799099852955,1,5,1,5.129261220335319,7.440455817082297
2.015560027548533,68.66546581398765,98.56975470208198,8.17785329856945,1,5,1,7.106394969477754,7.180230709151187
0.36443651303099456,63.53723365717769,59.04884763547449,2.1351136631067194,3,2,3,13.479884162914608,2.9949232930402325
1.888859215118568,82.19997716195078,92.71925466847895,5.05852692951829,4,1,4,1.2512968443890315,4.950886835030684
13.660135468327137,70.43670855490481,74.61389282240174,8.407030280112,4,4,3,4.210138793306859,10.0
1.4237729692045797,51.26931778301724,62.36155372015885,7.328015447662506,1,2,4,16.180472805833528,2.1849370301883697
6.379512605875226,57.80762986830952,93.53749506362557,5.422372054918483,2,3,2,2.9384384716754153,6.838738907760174
16.89750621938909,85.79861144236988,72.26526275013327,5.903476904587729,5,1,5,6.852902930450431,10.0
0.4654387147165173,82.94619709550757,75.74086769648451,5.0836054691628,5,3,4,17.2931784371628,5.234786982332982
16.289369651778717,51.354799625174174,67.96166846998828,2.9754845131882055,1,1,1,3.098506222868853,7.326065583070568
5.637095495467999,61.098608096647474,79.64754257174637,5.650219928590161,2,4,3,1.654736712363798,6.455829611736336
2.363296552433125,61.55373982940357,58.17619362925114,6.888853020500907,3,4,2,9.690759901600217,5.056552692554376
13.934743307283012,83.59463717993643,69.55407683258804,8.733229158608077,1,5,1,6.048390225570728,9.17458178544994
12.57885693559768,50.98552688771821,98.47061611676438,6.362913539792481,1,3,2,11.268167289677082,7.329004104237282
17.54944027054106,55.205429099228695,62.90667163505638,7.61121537043158,5,1,5,16.076097809669502,7.908745585464061
14.701420876077716,89.99580426865947,82.8368332270646,1.60071634954573,1,4,3,2.7429697630548633,8.859093035321948
16.06961860769697,58.927233102716684,66.25950321123474,4.6155747441978985,1,2,3,11.6139816910857,8.274259906315576
5.64069145142613,82.63730539259373,88.67365628433004,0.09331619827093296,1,4,5,10.110175207797278,4.916157179467237
3.5487908755944564,61.90913905233633,56.54368303591749,2.46678864521623,5,2,3,2.8815757202639913,5.457089656676472
15.012295032817168,54.97206963796726,98.49105225392724,7.264617151130048,3,1,4,12.479969710579649,8.38364029938466
16.13669478534528,62.1586095499727,72.68947706918196,9.918099513493635,3,4,2,5.472808357215433,9.17648182004762
19.810102840013467,86.11334659278296,61.8025231673232,0.9917809958721591,1,4,1,9.75668637088025,8.988866266661967
8.25235353822853,92.78482340531428,53.67483736650063,4.0149431586128825,5,1,5,1.6454464855412376,6.741800106306939
7.440361715855664,91.51099322834958,58.48789525437704,8.000709686991595,3,4,4,9.191681144272462,7.074221682127668
15.528259214839936,69.85917648092274,75.98869742780089,2.0403563462889887,3,2,1,6.129269360856407,8.785649845021158
6.816070805060357,83.40425682853231,66.85015882156432,5.550849493022863,3,4,1,16.447624223707088,7.560096158457765
18.615146512071295,60.24921477079105,91.44416829413046,7.330712960296748,5,3,5,1.1395745399473656,10.0
17.168255036860238,64.65738651305067,71.5443761830903,6.159854502601791,5,5,4,8.3721454983666,10.0
8.579880547500366,94.81679092605599,62.435713629381496,1.8802473461541613,1,2,1,9.16862848262876,6.71337558465027
15.017421355829947,50.6500961755368,80.8572493302015,3.553845686857394,4,3,1,14.500121525982374,8.740408579366692
15.090857481693646,54.2754265427234,85.33886084427229,7.837917844853973,3,1,4,11.48575150180422,8.024581286205454
2.062477376718652,60.394312757301364,58.35209539504749,5.542265141320167,4,2,3,13.344246743883621,4.3726470738724235
18.051058133591333,51.32661019369099,58.380960814415886,0.052296135429127366,5,5,1,15.540985713035123,9.232061010544376
10.105047448957142,59.071771754489866,51.83357134667715,7.6099076002809385,5,5,2,17.244059473163777,9.036852237129699
16.529149322154833,79.15207804848461,86.82010075328202,0.3531135494023907,5,1,4,6.2775099344494105,9.735614167682142
6.400992020612235,71.0712275296249,83.19022638109026,7.457337827312322,4,1,1,10.76045410727806,7.107751239928887
17.91046456992401,94.63358555384875,73.7315437874907,2.024805601652374,5,2,5,16.802161568783998,9.054077639661854
7.784033574683262,90.87217808692205,92.20852244845986,9.580734801193802,1,4,2,19.78902261930113,6.926502761737032
0.2167530296059672,67.0908675848938,90.28350764750266,3.679407513020845,5,1,1,17.790386220875263,5.914317986939247
18.107639528385274,62.971171671564626,79.2677182198376,3.269316163380791,2,4,2,7.429345252487536,10.0
1.8257335357226712,68.98462040836334,93.41356402566294,1.4888805033244468,4,3,2,3.9033303443730083,6.799405709106181
6.386272751808297,79.51474712574039,60.292060501838414,3.0560421549021486,2,5,3,9.787850748131774,6.821925811136196
19.0012393410161,63.403182041143815,55.5959809698864,8.766507618282006,5,4,2,14.832829036720845,10.0
19.012142938751122,81.2074453924567,63.48748057584948,9.963343376272473,1,5,3,9.851381415065951,9.762714400572875
11.468757762465723,70.47058260956203,52.854342804465745,3.683095305068483,3,4,4,9.66361726627337,7.565192661141444
12.636744243395984,77.602359042599,76.5584764000516,4.486106309545425,5,3,3,16.764608421636012,9.20132185145714
8.968910439566395,71.80632645676583,96.83028461474808,7.220709382027371,1,1,5,7.228075581343727,6.213413112601655
5.864215433961291,64.72328797709588,51.967177033425486,8.861957804650745,4,3,1,17.195893496232912,6.743722673544259
6.573290907398319,97.42266534810784,56.105495700501336,5.930443341867841,2,1,4,8.136096019034472,4.705296314765208
13.450369121540769,88.18028970798804,72.60995141417176,3.9152569817782936,2,1,4,6.564662113566788,7.746118099844297
15.0474905887536,57.00565878832263,96.69375087639524,4.126218408486237,2,5,5,9.07979822399398,8.039434118317939
15.83158087451697,93.42339879489563,65.80780524883752,6.956181464968068,4,3,3,15.24893917349737,9.561901425114183
15.792362855891078,74.37155991247567,75.36174043441963,0.032182636042786816,1,4,1,2.5200405572798856,8.74361214962197
1.8241220609738074,94.72761134470457,52.0786429525196,6.195893374598407,4,3,3,3.9283843174403477,7.739944999173861
9.888406094051629,89.99276279736577,57.41716004810444,3.554930104413574,2,5,2,19.028896513261838,7.103178466907098
1.1511752003328857,71.26067522346167,99.33150614794235,7.941973312770843,5,1,3,3.5098325476271475,6.2042982302284795
10.99057764647471,51.12346541600587,98.25593482180227,0.9299063982313216,3,5,4,11.354546358621091,7.2143725091736535
8.83061002746754,63.4338679692473,50.24699904672048,5.882022669483905,4,2,1,11.586289333238756,7.914741766151646
17.754083655165996,77.08171073304334,97.59058927116195,4.809728898861238,4,2,3,9.792489241004896,10.0
7.018300251041573,81.67391099130737,81.95599689077503,6.423255259052274,1,4,1,12.894904971536372,7.47017508933831
2.3413403285521173,62.894384271660115,93.39591472600111,0.6485359448296835,1,5,1,4.596534515952369,5.139907401503488
2.859833641056717,56.96780370364121,72.73699278169295,5.799837874281312,4,4,2,11.053245355534964,7.291486032017557
15.230212634349446,91.74651183996495,75.77980142896251,5.614845879595237,2,4,2,7.4434651049379426,9.655121525539634
12.364361266325222,99.22010903517761,74.44232901284602,5.606600944161709,3,2,4,13.23334519258378,7.536678286733051
2.022453522455805,76.28450911513428,83.34321287730522,6.034876665964548,1,4,5,2.8244708674629893,4.083580806287713
1.6821361222999487,58.583964292415175,56.98256273781564,6.764679372263622,2,2,1,11.417548336789524,5.041459094158368
14.019382629182399,63.61536632596845,51.4986794936339,8.049889996807698,5,1,5,3.705407107666474,7.9824135743379845
1.4552601272838706,50.919533827373336,65.39649707955954,2.6982072012821434,1,5,4,5.572861262300728,3.7630463337194606
16.437201185807126,95.71494032802495,85.23403813683234,8.250494101800621,2,4,1,4.3741960064716645,10.0
14.124844543129925,55.88755414450706,60.09267260614742,4.982556822634536,2,2,1,3.656755597376342,7.524031818880455
1.6269756128379953,78.82582377571268,83.67162166624587,0.7705827913433116,3,3,5,16.51421903121334,4.779375691516284
1.6967542817038384,63.7027610343603,98.49560230536352,0.585509292439792,3,4,3,5.714151353217806,5.318448147750282
19.732791570023508,77.70890012578967,54.69503578947092,3.3423831869606078,5,1,2,18.542475637288987,10.0
7.485415915122406,82.57101941759322,83.63010591125632,7.8489697711146755,2,1,3,19.398530506903818,6.235426639296371
7.412842941337818,91.48709018536007,72.18751096522855,7.076809347409157,2,3,5,11.425209398741947,5.617874860115457
16.25599134515005,60.32106358803016,93.40711271887527,7.886149646724064,3,2,2,2.860022453314528,8.67467679865236
18.944971547677174,50.549791432924025,58.857489472369295,5.172690564416094,1,4,3,7.490964867591625,8.477069593555933
19.720021276457416,56.844281503440364,84.63129761130823,4.401989979554905,1,2,2,15.954645266964281,8.083336313055913
15.067563705178832,95.00093209240526,91.90576448240552,1.4745252670628395,4,1,1,7.34781457394141,10.0
7.525191710618316,93.69450387812577,97.23071097370116,3.2819275360931153,3,2,3,1.740344366055775,8.161020803365952
1.6700143339733753,79.87065510851542,84.16240141448229,4.340193661738753,4,1,2,11.135698218563759,6.379312633409468
15.542938318548735,80.02584302168268,74.85873820042136,0.8860042967961723,3,2,2,16.902417029920695,8.939019382814319
11.1680849947161,83.25183372731277,80.8923620100607,2.2061195271121123,5,3,2,15.918527742870047,8.344688412075861
8.484440184939526,58.76856393117248,93.44524922393592,5.982252940637388,2,5,3,3.5024628026070648,8.189121477394453
18.12708770189472,95.72059729624799,78.53048733194149,7.356631142391898,5,3,4,13.455292288249334,10.0
2.223949646123027,70.93852624460365,51.519352984841845,9.983475113929497,3,3,3,4.410085268712942,4.564248539148892
9.852502085817182,69.15692641247487,96.54743477534889,9.331133313435577,2,5,5,4.364150691043445,7.094467632696883
0.22707289534838138,75.94588526414188,84.47633755157806,6.425651995351915,1,5,3,17.481435466103704,4.702177505089202
9.373212839882525,52.348298338752755,83.82566928886233,4.21248053294072,1,4,2,4.993379054804603,6.172437523423732
1.126065513636747,58.31416843780397,60.78375761988586,6.361773647082327,4,4,1,5.264946930360224,6.375524367543222
2.3763583253614384,86.90168082131852,82.94427351163286,7.85651618080232,3,3,3,0.013067815225991097,7.014149947296094
2.3505249355420976,54.139933396256325,69.69322028270793,1.1833619092338732,3,3,3,17.413380682510354,3.962668096670598
12.984206042321272,80.1576054733194,82.5616488520746,4.099048896962882,1,1,2,15.851896264182695,6.672145559380186
14.920897585308467,62.26745548406605,55.32965151539953,8.398022856356173,5,1,1,12.54657870181356,8.691966410207915
11.667375301943192,69.46478070209884,82.89226523015179,3.83832951933044,2,4,1,15.005315278776845,8.103171643253667
19.243450969490837,64.43468683853499,99.97068628853333,5.718722712271865,5,4,5,3.040971348489836,9.830662083309754
7.497411590474082,67.78363582324747,52.4106019430278,5.877693608621982,5,1,3,9.16647189175151,6.342520756591414
5.714241725637215,85.95229525921228,98.85870921106587,1.8447625313363936,1,1,1,7.024387746975618,5.753668284661466
17.371982563789206,64.85608578115875,70.34539803614354,3.622354416522884,1,2,1,1.8755305251403298,8.544356664745749
4.471916770389052,78.32023201484486,93.53767251686295,3.3451128874193214,1,2,4,9.722609704298481,4.580055507252242
19.264450788812226,73.80252010995498,89.11927420291367,0.26196708532064794,4,1,4,18.414793006852708,9.098009179966283
0.24308949379632683,83.1835582681324,78.3508130493334,0.24191763891355245,5,2,1,0.8011823810138896,7.599166665945182
19.39757653415278,96.84148696623791,86.92246046256633,8.316970436757735,3,5,5,5.829218269875877,10.0
0.8631982390115223,86.62860486051252,93.92577806506739,2.7307080997281243,2,4,1,4.150818724114069,7.555119453271727
17.822862273961423,60.74701892953784,70.20701608255165,5.180787662388155,4,4,2,4.762933073313926,9.972550770839925
10.554022181725998,51.55915675306424,66.35165807816193,2.9872557358877305,3,1,3,18.168691037587507,5.5888678227576065
19.859295922386007,63.113202214991254,83.37966927817924,9.406792451153406,5,3,5,9.361381084685803,10.0
1.4759312947079772,79.75389653501274,90.39229709706294,2.5929675886577375,1,1,2,9.325988258796375,5.584734383885843
11.077085688026415,52.57129067421252,88.11425673883079,4.296568127389351,5,2,5,15.211512849105645,6.606635278411917
19.38605071238198,74.81831236006181,89.89068244293173,8.727302504846019,2,3,2,3.089844080098516,9.808744737746633
10.461956883402976,79.84214244584446,71.77916574064665,8.419335667918087,4,2,3,9.745307082001016,8.946194756827257
12.58797276270525,66.71219454084805,90.89171080875107,1.8610141784627732,4,5,3,8.599704282421195,8.605622667404274
13.914973779692343,88.54561018729109,56.01045276853042,8.026433097957105,2,2,4,11.938213810933123,7.280259134873685
9.090821295355465,55.32991265668859,77.22445489804248,4.581868867378926,3,5,2,19.99115406500877,6.57684615802474
12.551161601681269,53.75688908679044,50.28793302490608,4.829688720853552,3,5,4,15.388977881640942,6.690423825001001
11.686286238462005,86.40943781018017,66.22929149501351,1.3347997241594378,4,2,2,7.957314060348544,7.953859025116971
18.02316020981978,74.77456581030992,68.32307674356989,0.8060151375712465,4,2,4,16.55106104548094,8.706757931366106
0.9089276068291574,84.4201198213868,69.80863458046277,7.279393069737652,1,5,3,3.4141672662496036,5.553634946480423
5.619263791844606,71.74136693018731,84.7733603344931,4.964611523552998,3,3,5,0.6092737261792025,5.777994048295633
19.008229681531176,62.32010166195534,69.42790506351729,4.3685070261517955,2,5,4,4.088967449285461,9.64055688999217
17.805275677818326,90.95511588371,72.43468113112652,7.295082286523967,3,4,2,6.808231122285193,10.0
9.11313505571426,89.97079394844897,61.87720654371637,7.6551289899110975,1,5,2,10.211615149191198,6.746859729565882
12.402651956030734,84.73482354272133,68.662589581467,1.5890816766935356,4,3,3,12.302582810823996,8.719590171088967
5.547623659622653,63.607256861498136,61.363481363157575,6.102251494776413,4,4,2,18.212114344288434,6.714446622203296
3.762423194475226,79.51153334345435,53.659796188422185,1.3535408227768553,1,1,1,10.197080191009153,5.120014039213879
9.273968098799642,68.04869484700134,80.17242966906889,7.513750860290457,2,1,5,10.025512892514588,5.575459618065967
7.067044560521056,54.579103666331704,83.41063992775082,6.569551562671395,4,3,4,1.0048601964596426,6.583204519835592
11.673122237017441,95.86567877311214,80.97451730048073,9.56614621083458,5,5,5,0.6982310531244762,10.0
1.5546927392996968,56.84093154594807,73.17470219002863,0.6895801635642118,4,2,3,11.023199238327441,4.8771528948843486
19.48789615332333,97.51186769104012,68.98928900896149,0.5705472115125432,5,3,4,8.76357226496689,10.0
19.72421488959206,72.30028864789779,93.16668247859127,2.8218707469320012,1,4,4,16.783607899605972,8.286254317565895
